<?xml version="1.0" encoding="utf-8" standalone="yes"?><rss version="2.0" xmlns:atom="http://www.w3.org/2005/Atom"><channel><title>Categories on Opsta | DevSecOps as a Service</title><link>https://www.opsta.co.th/categories/</link><description>Recent content in Categories on Opsta | DevSecOps as a Service</description><generator>Hugo -- gohugo.io</generator><language>en-us</language><copyright>Copyright &amp;copy; 2020 Opsta (Thailand) Co.,Ltd.</copyright><lastBuildDate>Thu, 07 Feb 2019 10:47:55 +0600</lastBuildDate><atom:link href="https://www.opsta.co.th/categories/index.xml" rel="self" type="application/rss+xml"/><item><title>Afiliated Marketing</title><link>https://www.opsta.co.th/categories/afiliated-marketing/</link><pubDate>Thu, 07 Feb 2019 10:47:55 +0600</pubDate><guid>https://www.opsta.co.th/categories/afiliated-marketing/</guid><description/></item><item><title>development Maping</title><link>https://www.opsta.co.th/categories/development-maping/</link><pubDate>Thu, 07 Feb 2019 10:47:55 +0600</pubDate><guid>https://www.opsta.co.th/categories/development-maping/</guid><description/></item><item><title>Investment Planning</title><link>https://www.opsta.co.th/categories/investment-planning/</link><pubDate>Thu, 07 Feb 2019 10:47:55 +0600</pubDate><guid>https://www.opsta.co.th/categories/investment-planning/</guid><description/></item><item><title>Market Analysis</title><link>https://www.opsta.co.th/categories/market-analysis/</link><pubDate>Thu, 07 Feb 2019 10:47:55 +0600</pubDate><guid>https://www.opsta.co.th/categories/market-analysis/</guid><description/></item><item><title>Valuable Idea</title><link>https://www.opsta.co.th/categories/valuable-idea/</link><pubDate>Thu, 07 Feb 2019 10:47:55 +0600</pubDate><guid>https://www.opsta.co.th/categories/valuable-idea/</guid><description/></item><item><title>Elements</title><link>https://www.opsta.co.th/categories/elements/</link><pubDate>Tue, 22 Jan 2019 16:04:01 +0600</pubDate><guid>https://www.opsta.co.th/categories/elements/</guid><description/></item></channel></rss>