<?xml version="1.0" encoding="utf-8" standalone="yes"?><rss version="2.0" xmlns:atom="http://www.w3.org/2005/Atom"><channel><title>Case Study on Opsta | DevSecOps as a Service</title><link>https://www.opsta.co.th/project/</link><description>Recent content in Case Study on Opsta | DevSecOps as a Service</description><generator>Hugo -- gohugo.io</generator><language>en-us</language><copyright>Copyright &amp;copy; 2020 Opsta (Thailand) Co.,Ltd.</copyright><lastBuildDate>Thu, 07 Feb 2019 10:47:55 +0600</lastBuildDate><atom:link href="https://www.opsta.co.th/project/index.xml" rel="self" type="application/rss+xml"/><item><title>Art Institute of Chicago</title><link>https://www.opsta.co.th/project/art-institute.1/</link><pubDate>Thu, 07 Feb 2019 10:47:55 +0600</pubDate><guid>https://www.opsta.co.th/project/art-institute.1/</guid><description>Excepteur sint occaecat cupidatat non proident, sunt in culpa qui officia deserunt mollit anim id est laborum.</description></item><item><title>Art Institute of Chicago</title><link>https://www.opsta.co.th/project/art-institute/</link><pubDate>Thu, 07 Feb 2019 10:47:55 +0600</pubDate><guid>https://www.opsta.co.th/project/art-institute/</guid><description>Excepteur sint occaecat cupidatat non proident, sunt in culpa qui officia deserunt mollit anim id est laborum.</description></item><item><title>Carpe Diem Santorini</title><link>https://www.opsta.co.th/project/carpe-diem/</link><pubDate>Thu, 07 Feb 2019 10:47:55 +0600</pubDate><guid>https://www.opsta.co.th/project/carpe-diem/</guid><description>Excepteur sint occaecat cupidatat non proident, sunt in culpa qui officia deserunt mollit anim id est laborum.</description></item><item><title>Celebrate with Stoli</title><link>https://www.opsta.co.th/project/celebrate-with/</link><pubDate>Thu, 07 Feb 2019 10:47:55 +0600</pubDate><guid>https://www.opsta.co.th/project/celebrate-with/</guid><description>Excepteur sint occaecat cupidatat non proident, sunt in culpa qui officia deserunt mollit anim id est laborum.</description></item><item><title>Essential Looks Trend Report</title><link>https://www.opsta.co.th/project/essential-looks.1/</link><pubDate>Thu, 07 Feb 2019 10:47:55 +0600</pubDate><guid>https://www.opsta.co.th/project/essential-looks.1/</guid><description>Excepteur sint occaecat cupidatat non proident, sunt in culpa qui officia deserunt mollit anim id est laborum.</description></item><item><title>Essential Looks Trend Report</title><link>https://www.opsta.co.th/project/essential-looks/</link><pubDate>Thu, 07 Feb 2019 10:47:55 +0600</pubDate><guid>https://www.opsta.co.th/project/essential-looks/</guid><description>Excepteur sint occaecat cupidatat non proident, sunt in culpa qui officia deserunt mollit anim id est laborum.</description></item></channel></rss>