<?xml version="1.0" encoding="utf-8" standalone="yes"?><rss version="2.0" xmlns:atom="http://www.w3.org/2005/Atom"><channel><title>Finance on Opsta | DevSecOps as a Service</title><link>https://www.opsta.co.th/tags/finance/</link><description>Recent content in Finance on Opsta | DevSecOps as a Service</description><generator>Hugo -- gohugo.io</generator><language>en-us</language><copyright>Copyright &amp;copy; 2020 Opsta (Thailand) Co.,Ltd.</copyright><lastBuildDate>Thu, 07 Feb 2019 10:47:55 +0600</lastBuildDate><atom:link href="https://www.opsta.co.th/tags/finance/index.xml" rel="self" type="application/rss+xml"/><item><title>ELIT DUIED AIUSMOD DOLORY</title><link>https://www.opsta.co.th/blog/blog-post.2/</link><pubDate>Thu, 07 Feb 2019 10:47:55 +0600</pubDate><guid>https://www.opsta.co.th/blog/blog-post.2/</guid><description>Excepteur sint occaecat cupidatat non proident, sunt in culpa qui officia deserunt mollit anim id est laborum.</description></item></channel></rss>