<?xml version="1.0" encoding="utf-8" standalone="yes"?><rss version="2.0" xmlns:atom="http://www.w3.org/2005/Atom"><channel><title>Blog on Opsta | DevSecOps as a Service</title><link>https://www.opsta.co.th/blog/</link><description>Recent content in Blog on Opsta | DevSecOps as a Service</description><generator>Hugo -- gohugo.io</generator><language>en-us</language><copyright>Copyright &amp;copy; 2020 Opsta (Thailand) Co.,Ltd.</copyright><lastBuildDate>Thu, 07 Feb 2019 10:47:55 +0600</lastBuildDate><atom:link href="https://www.opsta.co.th/blog/index.xml" rel="self" type="application/rss+xml"/><item><title>Business Consulting</title><link>https://www.opsta.co.th/blog/blog-post.1/</link><pubDate>Thu, 07 Feb 2019 10:47:55 +0600</pubDate><guid>https://www.opsta.co.th/blog/blog-post.1/</guid><description>Excepteur sint occaecat cupidatat non proident, sunt in culpa qui officia deserunt mollit anim id est laborum.</description></item><item><title>ELIT DUIED AIUSMOD DOLORY</title><link>https://www.opsta.co.th/blog/blog-post.2/</link><pubDate>Thu, 07 Feb 2019 10:47:55 +0600</pubDate><guid>https://www.opsta.co.th/blog/blog-post.2/</guid><description>Excepteur sint occaecat cupidatat non proident, sunt in culpa qui officia deserunt mollit anim id est laborum.</description></item><item><title>Excepteur sint ocacat cupidatat</title><link>https://www.opsta.co.th/blog/blog-post.4/</link><pubDate>Thu, 07 Feb 2019 10:47:55 +0600</pubDate><guid>https://www.opsta.co.th/blog/blog-post.4/</guid><description>Excepteur sint occaecat cupidatat non proident, sunt in culpa qui officia deserunt mollit anim id est laborum.</description></item><item><title>Lorem ipsum dolor sit amet</title><link>https://www.opsta.co.th/blog/blog-post.5/</link><pubDate>Thu, 07 Feb 2019 10:47:55 +0600</pubDate><guid>https://www.opsta.co.th/blog/blog-post.5/</guid><description>Excepteur sint occaecat cupidatat non proident, sunt in culpa qui officia deserunt mollit anim id est laborum.</description></item><item><title>Lorem ipsum dolor sit amet</title><link>https://www.opsta.co.th/blog/blog-post.6/</link><pubDate>Thu, 07 Feb 2019 10:47:55 +0600</pubDate><guid>https://www.opsta.co.th/blog/blog-post.6/</guid><description>Excepteur sint occaecat cupidatat non proident, sunt in culpa qui officia deserunt mollit anim id est laborum.</description></item><item><title>Lorem ipsum dolor sit amet</title><link>https://www.opsta.co.th/blog/blog-post.7/</link><pubDate>Thu, 07 Feb 2019 10:47:55 +0600</pubDate><guid>https://www.opsta.co.th/blog/blog-post.7/</guid><description>Excepteur sint occaecat cupidatat non proident, sunt in culpa qui officia deserunt mollit anim id est laborum.</description></item><item><title>Quia consequuntur magni</title><link>https://www.opsta.co.th/blog/blog-post.3/</link><pubDate>Thu, 07 Feb 2019 10:47:55 +0600</pubDate><guid>https://www.opsta.co.th/blog/blog-post.3/</guid><description>Excepteur sint occaecat cupidatat non proident, sunt in culpa qui officia deserunt mollit anim id est laborum.</description></item><item><title>Quia consequuntur magni</title><link>https://www.opsta.co.th/blog/blog-post.8/</link><pubDate>Thu, 07 Feb 2019 10:47:55 +0600</pubDate><guid>https://www.opsta.co.th/blog/blog-post.8/</guid><description>Excepteur sint occaecat cupidatat non proident, sunt in culpa qui officia deserunt mollit anim id est laborum.</description></item><item><title>Quia consequuntur magni</title><link>https://www.opsta.co.th/blog/blog-post.9/</link><pubDate>Thu, 07 Feb 2019 10:47:55 +0600</pubDate><guid>https://www.opsta.co.th/blog/blog-post.9/</guid><description>Excepteur sint occaecat cupidatat non proident, sunt in culpa qui officia deserunt mollit anim id est laborum.</description></item><item><title>Elements</title><link>https://www.opsta.co.th/blog/elements/</link><pubDate>Tue, 22 Jan 2019 16:04:01 +0600</pubDate><guid>https://www.opsta.co.th/blog/elements/</guid><description>Heading 1 Heading 2 Heading 3 Heading 4 Heading 5 Heading 6 Emphasis Emphasis, aka italics, with asterisks or underscores.</description></item></channel></rss>