<?xml version="1.0" encoding="utf-8" standalone="yes"?><rss version="2.0" xmlns:atom="http://www.w3.org/2005/Atom"><channel><title>Tags on Opsta | DevSecOps as a Service</title><link>https://www.opsta.co.th/tags/</link><description>Recent content in Tags on Opsta | DevSecOps as a Service</description><generator>Hugo -- gohugo.io</generator><language>en-us</language><copyright>Copyright &amp;copy; 2020 Opsta (Thailand) Co.,Ltd.</copyright><lastBuildDate>Thu, 07 Feb 2019 10:47:55 +0600</lastBuildDate><atom:link href="https://www.opsta.co.th/tags/index.xml" rel="self" type="application/rss+xml"/><item><title>Advice</title><link>https://www.opsta.co.th/tags/advice/</link><pubDate>Thu, 07 Feb 2019 10:47:55 +0600</pubDate><guid>https://www.opsta.co.th/tags/advice/</guid><description/></item><item><title>Business</title><link>https://www.opsta.co.th/tags/business/</link><pubDate>Thu, 07 Feb 2019 10:47:55 +0600</pubDate><guid>https://www.opsta.co.th/tags/business/</guid><description/></item><item><title>Consultancy</title><link>https://www.opsta.co.th/tags/consultancy/</link><pubDate>Thu, 07 Feb 2019 10:47:55 +0600</pubDate><guid>https://www.opsta.co.th/tags/consultancy/</guid><description/></item><item><title>Finance</title><link>https://www.opsta.co.th/tags/finance/</link><pubDate>Thu, 07 Feb 2019 10:47:55 +0600</pubDate><guid>https://www.opsta.co.th/tags/finance/</guid><description/></item><item><title>Marketing</title><link>https://www.opsta.co.th/tags/marketing/</link><pubDate>Thu, 07 Feb 2019 10:47:55 +0600</pubDate><guid>https://www.opsta.co.th/tags/marketing/</guid><description/></item><item><title>elements</title><link>https://www.opsta.co.th/tags/elements/</link><pubDate>Tue, 22 Jan 2019 16:04:01 +0600</pubDate><guid>https://www.opsta.co.th/tags/elements/</guid><description/></item></channel></rss>