[{"categories":null,"contents":"We provide Enterprise DevSecOps Platform to transform your organization at more incredible speed and agility for the developer, operation, and security team.\nIf your problems are  You don\u0026rsquo;t know how to start DevSecOps in your organization Your deployment takes too much time The deployment process is not reliable A lot of manual processes and bring too many stakeholders to participate It works on my laptop, but it doesn\u0026rsquo;t work on the production Put a lot of time and effort to spin up a new environment Lack of knowledge people to build DevSecOps culture Security is a blocker and always be last minutes Need for standardized DevSecOps in your organization  This is what we help  We provide assessment and consulting service to build DevSecOps Roadmap for your organization We have our templates for DevSecOps Architecture with our experienced more than 20 organization from startup, large enterprise, and banking to make it work best for your requirement You can choose or combine between DevSecOps commercial tools and open-source with Opsta fully support We develop DevSecOps Flow to match with your organization culture, policy, and process We rapidly build DevSecOps Platform with Automation with Infrastructure as Code (IaC) We quickly on-board your application to Cloud-Native Application with our DevSecOps Starter Kits We secure application on the first day of development with Security Automation from coding to infrastructure We will do knowledge sharing and on-the-job training to continuous improvement your team We doing measurement with DevSecOps Performance Metrics and DevSecOps Maturity Model We have 24x7 on-call to support you with our experienced DevSecOps engineers  What you will get  Project Management System such as Jira Software, GitLab, Asana, Click Up, or Trello Version Control System such as GitLab, GitHub, or Bitbucket On-premise, Virtualization, or Private/Public/Hybrid Cloud Infrastructure such as AWS, Azure, GCP, or VMware Container Cluster System such as Kubernetes, Red Hat OpenShift, or VMware Tanzu Continuous Integration / Continuous Delivery (CI/CD) such as GitLab CI, CircleCI, Github Action, ArgoCD, FluxCD, Spinnaker, or Jenkins Artifacts Server such as Sonatype Nexus, Harbor, or JFrog Code Analysis \u0026amp; Security Check such as CIS Hardening, OWASP, or Sonarqube Monitoring such as Graylog, Grafana, Prometheus, Sensu, InfluxDB, Telegraf, Jaeger, or Kiali Performance Testing and Analysis such as JMeter, Tsung, or Locust Automation System, Infrastructure as Code or GitOps such as Ansible or Terraform Optimization and Tuning Backup and Restore Scalability High Availability and Disaster Recovery Content Delivery Service (CDN)  Benefit of DevSecOps Platform  Increase the rate of success for digitalization strategies and transformation projects Openness and transparency from the start of development Cost reduction from stable and reliable process Reduc the time of new services from months to minutes The delivery of new features rate increase Speed of recovery from incident and failure Early threat and vulnerability detection Enable a culture of iterative improvement  ","permalink":"https://www.opsta.co.th/service/devsecops-platform/","tags":null,"title":"DevSecOps Platform"},{"categories":null,"contents":"We offer Kubernetes support, consulting, professional services and training for organizations embarking on their Kubernetes journey.\nWe have many experienced engineers with Certified Kubernetes Administrator (CKA) ready to build your container platform.\nKubernetes Distribution We Provide  Kubernetes On-premise such as Kubernetes Open-Source, Red Hat Openshift, VMware Tanzu Kubernetes on Cloud such as Amazon Elastic Kubernetes Service (Amazon EKS), Google Kubernetes Engine (GKE), Azure Kubernetes Service (AKS)  Kubernetes Service We Provide  Installation Consulting Managed and Professional Service Maintenance Service Training  Kubernetes Additional Features We Provide  Authentication with third-party such as Active Directory or LDAP Dashboard and Desktop GUI High-Availability on same datacenter and multi-datacenter Best practice for multi-tenancy Auto Scaling Pods and Nodes CIS Kubernetes Security Hardening Performance Tuning Multi-environment deployment with Helm Support many storage providers such as NetApp, Dell EMC Support Service LoadBalancer for on-premise Container as a Service for your organization Real-time Kubernetes Monitoring Make the most of Kubernetes with DevSecOps Platform Easy to upgrade for security fixing and new features  ","permalink":"https://www.opsta.co.th/service/kubernetes-service-provider/","tags":null,"title":"Kubernetes Service Provider"},{"categories":null,"contents":"We build centralized monitoring by automated CNCF open-source software to see the real-time performance and early detection problems.\nBenefits of Opsta Centralized Monitoring  Centralized and standardized monitoring for organization Real-time data and notification Developer self-service to troubleshooting and customzie Can do Application Performance Monitoring (APM) and Tracing Reduce time and error to on-board monitoring on new infrastructure and application with Automation and Infrastructure as Code (IaC) Ready to scale on large infrastructure (1,000+) Reduce cost with open-source software license  What you will get  Log Centralize with Graylog Log Parser Metrics Monitoring and Alert with Grafana and Prometheus Long Term Storage for Metrics Application Tracing with Jaeger Monitoring as Code with Ansible and Terraform  Support softwares  Linux such as CentOS, RHEL, Ubuntu, Debian Windows from version 2012 R2 Container such as Docker, Kubernetes, OpenShift, Tanzu Web Server such as Nginx, Apache, HAProxy, Varnish Cache Firewall \u0026amp; Network such as Fortinet, F5 Database such as MSSQL, MySQL, MariaDB, ElasticSearch, MongoDB, PostgreSQL, Redis, Memcached, RabbitMQ, Kafka, Oracle  Support Programming Languages  C++ C# Golang Java Python Node.js PHP Scala PHP  ","permalink":"https://www.opsta.co.th/service/centralized-monitoring/","tags":null,"title":"Centralized Monitoring"},{"categories":null,"contents":"We build on-demand self-service enterprise hybrid-cloud infrastructure to rapid elasticity and scalability at ease with automation.\n","permalink":"https://www.opsta.co.th/service/hybrid-cloud/","tags":null,"title":"Hybrid-Cloud Infrastructure"},{"categories":null,"contents":"We early identification of vulnerabilities by leverage security automation to integrate both enterprise and open-source software from the first day of development.\n","permalink":"https://www.opsta.co.th/service/security-automation/","tags":null,"title":"Security Automation"},{"categories":null,"contents":"We build on-demand self-service infrastructure to rapid elasticity and scalability at ease with automation.\n","permalink":"https://www.opsta.co.th/service/infrastructure-automation/","tags":null,"title":"Infrastructure Automation"},{"categories":null,"contents":"We do real user simulation and analysis for system bottleneck.\n","permalink":"https://www.opsta.co.th/service/performance-load-testing/","tags":null,"title":"Performance Load Testing"},{"categories":null,"contents":"We do Site Reliability Engineering (SRE) to archive infrastructure Service Level Objective (SLO) and Service Level Agreement (SLA) with your customers.\n","permalink":"https://www.opsta.co.th/service/sre/","tags":null,"title":"Site Reliability Engineering (SRE)"},{"categories":null,"contents":"We act as Data Engineer to build Data Pipeline for your organization.\n","permalink":"https://www.opsta.co.th/service/data-pipeline/","tags":null,"title":"Data Pipeline"},{"categories":null,"contents":"Excepteur sint occaecat cupidatat non proident, sunt in culpa qui officia deserunt mollit anim id est laborum. sed ut perspiciatis unde omnis iste natus error sit voluptatem accusantium doloremque laudantium, totam rem aperiam, eaque ipsa quae ab illo inventore veritatis et quasi architecto beatae vitae dicta sunt explicabo. Nemo enim ipsam voluptatem quia voluptas sit aspernatur aut odit aut fugit.\nQuia consequuntur magni dolores eos qui ratione voluptatem sequi nesciunt. Neque porro quisquam est, qui dolorem ipsum quia dolor sit amet, consectetur, adipisci velit, sed quia non numquam eius modi tempora incidunt ut labore et dolore magnam aliquam.\nBenifits of service Quia consequuntur magni dolores eos qui ratione voluptatem sequi nesciunt. Neque porro quisquam est, qui dolorem ipsum quia dolor sit amet, consectetur, adipisci velit, sed quia non numquam eius modi tempora incidunt ut labore et dolore magnam aliquam.\n Quality Services Clients Satisfaction Quality Services Clients Satisfaction Quality Services Clients Satisfaction  Business Strategy Excepteur sint occaecat cupidatat non proident, sunt in culpa qui officia dese runt mollit anim id est laborum. sed ut perspiciatis unde omnis iste natus error sit voluptatem acusantium.\n Quality Services Clients Satisfaction Quality Services  Analyze your business Quia consequuntur magni dolores eos qui ratione voluptatem sequi nesciunt. Neque porro quisquam est, qui dolorem ipsum quia dolor sit amet, consectetur, adipisci velit, sed quia non numquam eius modi tempora incidunt ut labore et dolore magnam aliquam.\n","permalink":"https://www.opsta.co.th/project/art-institute.1/","tags":null,"title":"Art Institute of Chicago"},{"categories":null,"contents":"Excepteur sint occaecat cupidatat non proident, sunt in culpa qui officia deserunt mollit anim id est laborum. sed ut perspiciatis unde omnis iste natus error sit voluptatem accusantium doloremque laudantium, totam rem aperiam, eaque ipsa quae ab illo inventore veritatis et quasi architecto beatae vitae dicta sunt explicabo. Nemo enim ipsam voluptatem quia voluptas sit aspernatur aut odit aut fugit.\nQuia consequuntur magni dolores eos qui ratione voluptatem sequi nesciunt. Neque porro quisquam est, qui dolorem ipsum quia dolor sit amet, consectetur, adipisci velit, sed quia non numquam eius modi tempora incidunt ut labore et dolore magnam aliquam.\nBenifits of service Quia consequuntur magni dolores eos qui ratione voluptatem sequi nesciunt. Neque porro quisquam est, qui dolorem ipsum quia dolor sit amet, consectetur, adipisci velit, sed quia non numquam eius modi tempora incidunt ut labore et dolore magnam aliquam.\n Quality Services Clients Satisfaction Quality Services Clients Satisfaction Quality Services Clients Satisfaction  Business Strategy Excepteur sint occaecat cupidatat non proident, sunt in culpa qui officia dese runt mollit anim id est laborum. sed ut perspiciatis unde omnis iste natus error sit voluptatem acusantium.\n Quality Services Clients Satisfaction Quality Services  Analyze your business Quia consequuntur magni dolores eos qui ratione voluptatem sequi nesciunt. Neque porro quisquam est, qui dolorem ipsum quia dolor sit amet, consectetur, adipisci velit, sed quia non numquam eius modi tempora incidunt ut labore et dolore magnam aliquam.\n","permalink":"https://www.opsta.co.th/project/art-institute/","tags":null,"title":"Art Institute of Chicago"},{"categories":["Investment Planning"],"contents":"Excepteur sint occaecat cupidatat non proident, sunt in culpa qui officia deserunt mollit anim id est laborum. sed ut perspiciatis unde omnis iste natus error sit voluptatem accusantium doloremque laudantium, totam rem aperiam, eaque ipsa quae ab illo inventore veritatis et quasi architecto beatae vitae dicta sunt explicabo. Nemo enim ipsam voluptatem quia voluptas sit aspernatur aut odit aut fugit.\n Lorem ipsum dolor sit amet, consectetur adipisicing elit, sed eiusmod tempor incididunt labore dolore magna aliqua. enim minim veniam quis nostrud exercitation ullamco. laboris nisi ut aliquip ex ea commodo. by Michelle Fischer\n Quia consequuntur magni dolores eos qui ratione voluptatem sequi nesciunt. Neque porro quisquam est, qui dolorem ipsum quia dolor sit amet, consectetur, adipisci velit, sed quia non numquam eius modi tempora incidunt ut labore et dolore magnam aliquam.\nBenifits of service Quia consequuntur magni dolores eos qui ratione voluptatem sequi nesciunt. Neque porro quisquam est, qui dolorem ipsum quia dolor sit amet, consectetur, adipisci velit, sed quia non numquam eius modi tempora incidunt ut labore et dolore magnam aliquam.\n Quality Services Clients Satisfaction Quality Services Clients Satisfaction Quality Services Clients Satisfaction  Business Strategy Excepteur sint occaecat cupidatat non proident, sunt in culpa qui officia dese runt mollit anim id est laborum. sed ut perspiciatis unde omnis iste natus error sit voluptatem acusantium.\n Quality Services Clients Satisfaction Quality Services  Analyze your business Quia consequuntur magni dolores eos qui ratione voluptatem sequi nesciunt. Neque porro quisquam est, qui dolorem ipsum quia dolor sit amet, consectetur, adipisci velit, sed quia non numquam eius modi tempora incidunt ut labore et dolore magnam aliquam.\n","permalink":"https://www.opsta.co.th/blog/blog-post.1/","tags":["Advice","Business"],"title":"Business Consulting"},{"categories":null,"contents":"Excepteur sint occaecat cupidatat non proident, sunt in culpa qui officia deserunt mollit anim id est laborum. sed ut perspiciatis unde omnis iste natus error sit voluptatem accusantium doloremque laudantium, totam rem aperiam, eaque ipsa quae ab illo inventore veritatis et quasi architecto beatae vitae dicta sunt explicabo. Nemo enim ipsam voluptatem quia voluptas sit aspernatur aut odit aut fugit.\nQuia consequuntur magni dolores eos qui ratione voluptatem sequi nesciunt. Neque porro quisquam est, qui dolorem ipsum quia dolor sit amet, consectetur, adipisci velit, sed quia non numquam eius modi tempora incidunt ut labore et dolore magnam aliquam.\nBenifits of service Quia consequuntur magni dolores eos qui ratione voluptatem sequi nesciunt. Neque porro quisquam est, qui dolorem ipsum quia dolor sit amet, consectetur, adipisci velit, sed quia non numquam eius modi tempora incidunt ut labore et dolore magnam aliquam.\n Quality Services Clients Satisfaction Quality Services Clients Satisfaction Quality Services Clients Satisfaction  Business Strategy Excepteur sint occaecat cupidatat non proident, sunt in culpa qui officia dese runt mollit anim id est laborum. sed ut perspiciatis unde omnis iste natus error sit voluptatem acusantium.\n Quality Services Clients Satisfaction Quality Services  Analyze your business Quia consequuntur magni dolores eos qui ratione voluptatem sequi nesciunt. Neque porro quisquam est, qui dolorem ipsum quia dolor sit amet, consectetur, adipisci velit, sed quia non numquam eius modi tempora incidunt ut labore et dolore magnam aliquam.\n","permalink":"https://www.opsta.co.th/project/carpe-diem/","tags":null,"title":"Carpe Diem Santorini"},{"categories":null,"contents":"Excepteur sint occaecat cupidatat non proident, sunt in culpa qui officia deserunt mollit anim id est laborum. sed ut perspiciatis unde omnis iste natus error sit voluptatem accusantium doloremque laudantium, totam rem aperiam, eaque ipsa quae ab illo inventore veritatis et quasi architecto beatae vitae dicta sunt explicabo. Nemo enim ipsam voluptatem quia voluptas sit aspernatur aut odit aut fugit.\nQuia consequuntur magni dolores eos qui ratione voluptatem sequi nesciunt. Neque porro quisquam est, qui dolorem ipsum quia dolor sit amet, consectetur, adipisci velit, sed quia non numquam eius modi tempora incidunt ut labore et dolore magnam aliquam.\nBenifits of service Quia consequuntur magni dolores eos qui ratione voluptatem sequi nesciunt. Neque porro quisquam est, qui dolorem ipsum quia dolor sit amet, consectetur, adipisci velit, sed quia non numquam eius modi tempora incidunt ut labore et dolore magnam aliquam.\n Quality Services Clients Satisfaction Quality Services Clients Satisfaction Quality Services Clients Satisfaction  Business Strategy Excepteur sint occaecat cupidatat non proident, sunt in culpa qui officia dese runt mollit anim id est laborum. sed ut perspiciatis unde omnis iste natus error sit voluptatem acusantium.\n Quality Services Clients Satisfaction Quality Services  Analyze your business Quia consequuntur magni dolores eos qui ratione voluptatem sequi nesciunt. Neque porro quisquam est, qui dolorem ipsum quia dolor sit amet, consectetur, adipisci velit, sed quia non numquam eius modi tempora incidunt ut labore et dolore magnam aliquam.\n","permalink":"https://www.opsta.co.th/project/celebrate-with/","tags":null,"title":"Celebrate with Stoli"},{"categories":["Valuable Idea"],"contents":"Excepteur sint occaecat cupidatat non proident, sunt in culpa qui officia deserunt mollit anim id est laborum. sed ut perspiciatis unde omnis iste natus error sit voluptatem accusantium doloremque laudantium, totam rem aperiam, eaque ipsa quae ab illo inventore veritatis et quasi architecto beatae vitae dicta sunt explicabo. Nemo enim ipsam voluptatem quia voluptas sit aspernatur aut odit aut fugit.\n Lorem ipsum dolor sit amet, consectetur adipisicing elit, sed eiusmod tempor incididunt labore dolore magna aliqua. enim minim veniam quis nostrud exercitation ullamco. laboris nisi ut aliquip ex ea commodo. by Michelle Fischer\n Quia consequuntur magni dolores eos qui ratione voluptatem sequi nesciunt. Neque porro quisquam est, qui dolorem ipsum quia dolor sit amet, consectetur, adipisci velit, sed quia non numquam eius modi tempora incidunt ut labore et dolore magnam aliquam.\nBenifits of service Quia consequuntur magni dolores eos qui ratione voluptatem sequi nesciunt. Neque porro quisquam est, qui dolorem ipsum quia dolor sit amet, consectetur, adipisci velit, sed quia non numquam eius modi tempora incidunt ut labore et dolore magnam aliquam.\n Quality Services Clients Satisfaction Quality Services Clients Satisfaction Quality Services Clients Satisfaction  Business Strategy Excepteur sint occaecat cupidatat non proident, sunt in culpa qui officia dese runt mollit anim id est laborum. sed ut perspiciatis unde omnis iste natus error sit voluptatem acusantium.\n Quality Services Clients Satisfaction Quality Services  Analyze your business Quia consequuntur magni dolores eos qui ratione voluptatem sequi nesciunt. Neque porro quisquam est, qui dolorem ipsum quia dolor sit amet, consectetur, adipisci velit, sed quia non numquam eius modi tempora incidunt ut labore et dolore magnam aliquam.\n","permalink":"https://www.opsta.co.th/blog/blog-post.2/","tags":["Consultancy","Finance"],"title":"ELIT DUIED AIUSMOD DOLORY"},{"categories":null,"contents":"Excepteur sint occaecat cupidatat non proident, sunt in culpa qui officia deserunt mollit anim id est laborum. sed ut perspiciatis unde omnis iste natus error sit voluptatem accusantium doloremque laudantium, totam rem aperiam, eaque ipsa quae ab illo inventore veritatis et quasi architecto beatae vitae dicta sunt explicabo. Nemo enim ipsam voluptatem quia voluptas sit aspernatur aut odit aut fugit.\nQuia consequuntur magni dolores eos qui ratione voluptatem sequi nesciunt. Neque porro quisquam est, qui dolorem ipsum quia dolor sit amet, consectetur, adipisci velit, sed quia non numquam eius modi tempora incidunt ut labore et dolore magnam aliquam.\nBenifits of service Quia consequuntur magni dolores eos qui ratione voluptatem sequi nesciunt. Neque porro quisquam est, qui dolorem ipsum quia dolor sit amet, consectetur, adipisci velit, sed quia non numquam eius modi tempora incidunt ut labore et dolore magnam aliquam.\n Quality Services Clients Satisfaction Quality Services Clients Satisfaction Quality Services Clients Satisfaction  Business Strategy Excepteur sint occaecat cupidatat non proident, sunt in culpa qui officia dese runt mollit anim id est laborum. sed ut perspiciatis unde omnis iste natus error sit voluptatem acusantium.\n Quality Services Clients Satisfaction Quality Services  Analyze your business Quia consequuntur magni dolores eos qui ratione voluptatem sequi nesciunt. Neque porro quisquam est, qui dolorem ipsum quia dolor sit amet, consectetur, adipisci velit, sed quia non numquam eius modi tempora incidunt ut labore et dolore magnam aliquam.\n","permalink":"https://www.opsta.co.th/project/essential-looks.1/","tags":null,"title":"Essential Looks Trend Report"},{"categories":null,"contents":"Excepteur sint occaecat cupidatat non proident, sunt in culpa qui officia deserunt mollit anim id est laborum. sed ut perspiciatis unde omnis iste natus error sit voluptatem accusantium doloremque laudantium, totam rem aperiam, eaque ipsa quae ab illo inventore veritatis et quasi architecto beatae vitae dicta sunt explicabo. Nemo enim ipsam voluptatem quia voluptas sit aspernatur aut odit aut fugit.\nQuia consequuntur magni dolores eos qui ratione voluptatem sequi nesciunt. Neque porro quisquam est, qui dolorem ipsum quia dolor sit amet, consectetur, adipisci velit, sed quia non numquam eius modi tempora incidunt ut labore et dolore magnam aliquam.\nBenifits of service Quia consequuntur magni dolores eos qui ratione voluptatem sequi nesciunt. Neque porro quisquam est, qui dolorem ipsum quia dolor sit amet, consectetur, adipisci velit, sed quia non numquam eius modi tempora incidunt ut labore et dolore magnam aliquam.\n Quality Services Clients Satisfaction Quality Services Clients Satisfaction Quality Services Clients Satisfaction  Business Strategy Excepteur sint occaecat cupidatat non proident, sunt in culpa qui officia dese runt mollit anim id est laborum. sed ut perspiciatis unde omnis iste natus error sit voluptatem acusantium.\n Quality Services Clients Satisfaction Quality Services  Analyze your business Quia consequuntur magni dolores eos qui ratione voluptatem sequi nesciunt. Neque porro quisquam est, qui dolorem ipsum quia dolor sit amet, consectetur, adipisci velit, sed quia non numquam eius modi tempora incidunt ut labore et dolore magnam aliquam.\n","permalink":"https://www.opsta.co.th/project/essential-looks/","tags":null,"title":"Essential Looks Trend Report"},{"categories":["development Maping"],"contents":"Excepteur sint occaecat cupidatat non proident, sunt in culpa qui officia deserunt mollit anim id est laborum. sed ut perspiciatis unde omnis iste natus error sit voluptatem accusantium doloremque laudantium, totam rem aperiam, eaque ipsa quae ab illo inventore veritatis et quasi architecto beatae vitae dicta sunt explicabo. Nemo enim ipsam voluptatem quia voluptas sit aspernatur aut odit aut fugit.\n Lorem ipsum dolor sit amet, consectetur adipisicing elit, sed eiusmod tempor incididunt labore dolore magna aliqua. enim minim veniam quis nostrud exercitation ullamco. laboris nisi ut aliquip ex ea commodo. by Michelle Fischer\n Quia consequuntur magni dolores eos qui ratione voluptatem sequi nesciunt. Neque porro quisquam est, qui dolorem ipsum quia dolor sit amet, consectetur, adipisci velit, sed quia non numquam eius modi tempora incidunt ut labore et dolore magnam aliquam.\nBenifits of service Quia consequuntur magni dolores eos qui ratione voluptatem sequi nesciunt. Neque porro quisquam est, qui dolorem ipsum quia dolor sit amet, consectetur, adipisci velit, sed quia non numquam eius modi tempora incidunt ut labore et dolore magnam aliquam.\n Quality Services Clients Satisfaction Quality Services Clients Satisfaction Quality Services Clients Satisfaction  Business Strategy Excepteur sint occaecat cupidatat non proident, sunt in culpa qui officia dese runt mollit anim id est laborum. sed ut perspiciatis unde omnis iste natus error sit voluptatem acusantium.\n Quality Services Clients Satisfaction Quality Services  Analyze your business Quia consequuntur magni dolores eos qui ratione voluptatem sequi nesciunt. Neque porro quisquam est, qui dolorem ipsum quia dolor sit amet, consectetur, adipisci velit, sed quia non numquam eius modi tempora incidunt ut labore et dolore magnam aliquam.\n","permalink":"https://www.opsta.co.th/blog/blog-post.4/","tags":["Business","Advice"],"title":"Excepteur sint ocacat cupidatat"},{"categories":null,"contents":"","permalink":"https://www.opsta.co.th/team/jaqueline-hamberger/","tags":null,"title":"Jaqueline Hamberger"},{"categories":["Afiliated Marketing"],"contents":"Excepteur sint occaecat cupidatat non proident, sunt in culpa qui officia deserunt mollit anim id est laborum. sed ut perspiciatis unde omnis iste natus error sit voluptatem accusantium doloremque laudantium, totam rem aperiam, eaque ipsa quae ab illo inventore veritatis et quasi architecto beatae vitae dicta sunt explicabo. Nemo enim ipsam voluptatem quia voluptas sit aspernatur aut odit aut fugit.\n Lorem ipsum dolor sit amet, consectetur adipisicing elit, sed eiusmod tempor incididunt labore dolore magna aliqua. enim minim veniam quis nostrud exercitation ullamco. laboris nisi ut aliquip ex ea commodo. by Michelle Fischer\n Quia consequuntur magni dolores eos qui ratione voluptatem sequi nesciunt. Neque porro quisquam est, qui dolorem ipsum quia dolor sit amet, consectetur, adipisci velit, sed quia non numquam eius modi tempora incidunt ut labore et dolore magnam aliquam.\nBenifits of service Quia consequuntur magni dolores eos qui ratione voluptatem sequi nesciunt. Neque porro quisquam est, qui dolorem ipsum quia dolor sit amet, consectetur, adipisci velit, sed quia non numquam eius modi tempora incidunt ut labore et dolore magnam aliquam.\n Quality Services Clients Satisfaction Quality Services Clients Satisfaction Quality Services Clients Satisfaction  Business Strategy Excepteur sint occaecat cupidatat non proident, sunt in culpa qui officia dese runt mollit anim id est laborum. sed ut perspiciatis unde omnis iste natus error sit voluptatem acusantium.\n Quality Services Clients Satisfaction Quality Services  Analyze your business Quia consequuntur magni dolores eos qui ratione voluptatem sequi nesciunt. Neque porro quisquam est, qui dolorem ipsum quia dolor sit amet, consectetur, adipisci velit, sed quia non numquam eius modi tempora incidunt ut labore et dolore magnam aliquam.\n","permalink":"https://www.opsta.co.th/blog/blog-post.5/","tags":["Business","Consultancy"],"title":"Lorem ipsum dolor sit amet"},{"categories":["Afiliated Marketing"],"contents":"Excepteur sint occaecat cupidatat non proident, sunt in culpa qui officia deserunt mollit anim id est laborum. sed ut perspiciatis unde omnis iste natus error sit voluptatem accusantium doloremque laudantium, totam rem aperiam, eaque ipsa quae ab illo inventore veritatis et quasi architecto beatae vitae dicta sunt explicabo. Nemo enim ipsam voluptatem quia voluptas sit aspernatur aut odit aut fugit.\n Lorem ipsum dolor sit amet, consectetur adipisicing elit, sed eiusmod tempor incididunt labore dolore magna aliqua. enim minim veniam quis nostrud exercitation ullamco. laboris nisi ut aliquip ex ea commodo. by Michelle Fischer\n Quia consequuntur magni dolores eos qui ratione voluptatem sequi nesciunt. Neque porro quisquam est, qui dolorem ipsum quia dolor sit amet, consectetur, adipisci velit, sed quia non numquam eius modi tempora incidunt ut labore et dolore magnam aliquam.\nBenifits of service Quia consequuntur magni dolores eos qui ratione voluptatem sequi nesciunt. Neque porro quisquam est, qui dolorem ipsum quia dolor sit amet, consectetur, adipisci velit, sed quia non numquam eius modi tempora incidunt ut labore et dolore magnam aliquam.\n Quality Services Clients Satisfaction Quality Services Clients Satisfaction Quality Services Clients Satisfaction  Business Strategy Excepteur sint occaecat cupidatat non proident, sunt in culpa qui officia dese runt mollit anim id est laborum. sed ut perspiciatis unde omnis iste natus error sit voluptatem acusantium.\n Quality Services Clients Satisfaction Quality Services  Analyze your business Quia consequuntur magni dolores eos qui ratione voluptatem sequi nesciunt. Neque porro quisquam est, qui dolorem ipsum quia dolor sit amet, consectetur, adipisci velit, sed quia non numquam eius modi tempora incidunt ut labore et dolore magnam aliquam.bore et dolore magnam aliquam.\n","permalink":"https://www.opsta.co.th/blog/blog-post.6/","tags":["Consultancy","Advice"],"title":"Lorem ipsum dolor sit amet"},{"categories":["Afiliated Marketing"],"contents":"Excepteur sint occaecat cupidatat non proident, sunt in culpa qui officia deserunt mollit anim id est laborum. sed ut perspiciatis unde omnis iste natus error sit voluptatem accusantium doloremque laudantium, totam rem aperiam, eaque ipsa quae ab illo inventore veritatis et quasi architecto beatae vitae dicta sunt explicabo. Nemo enim ipsam voluptatem quia voluptas sit aspernatur aut odit aut fugit.\n Lorem ipsum dolor sit amet, consectetur adipisicing elit, sed eiusmod tempor incididunt labore dolore magna aliqua. enim minim veniam quis nostrud exercitation ullamco. laboris nisi ut aliquip ex ea commodo. by Michelle Fischer\n Quia consequuntur magni dolores eos qui ratione voluptatem sequi nesciunt. Neque porro quisquam est, qui dolorem ipsum quia dolor sit amet, consectetur, adipisci velit, sed quia non numquam eius modi tempora incidunt ut labore et dolore magnam aliquam.\nBenifits of service Quia consequuntur magni dolores eos qui ratione voluptatem sequi nesciunt. Neque porro quisquam est, qui dolorem ipsum quia dolor sit amet, consectetur, adipisci velit, sed quia non numquam eius modi tempora incidunt ut labore et dolore magnam aliquam.\n Quality Services Clients Satisfaction Quality Services Clients Satisfaction Quality Services Clients Satisfaction  Business Strategy Excepteur sint occaecat cupidatat non proident, sunt in culpa qui officia dese runt mollit anim id est laborum. sed ut perspiciatis unde omnis iste natus error sit voluptatem acusantium.\n Quality Services Clients Satisfaction Quality Services  Analyze your business Quia consequuntur magni dolores eos qui ratione voluptatem sequi nesciunt. Neque porro quisquam est, qui dolorem ipsum quia dolor sit amet, consectetur, adipisci velit, sed quia non numquam eius modi tempora incidunt ut labore et dolore magnam aliquam.uam. et dolore magnam aliquam.\n","permalink":"https://www.opsta.co.th/blog/blog-post.7/","tags":["Consultancy","Advice"],"title":"Lorem ipsum dolor sit amet"},{"categories":["Market Analysis"],"contents":"Excepteur sint occaecat cupidatat non proident, sunt in culpa qui officia deserunt mollit anim id est laborum. sed ut perspiciatis unde omnis iste natus error sit voluptatem accusantium doloremque laudantium, totam rem aperiam, eaque ipsa quae ab illo inventore veritatis et quasi architecto beatae vitae dicta sunt explicabo. Nemo enim ipsam voluptatem quia voluptas sit aspernatur aut odit aut fugit.\n Lorem ipsum dolor sit amet, consectetur adipisicing elit, sed eiusmod tempor incididunt labore dolore magna aliqua. enim minim veniam quis nostrud exercitation ullamco. laboris nisi ut aliquip ex ea commodo. by Michelle Fischer\n Quia consequuntur magni dolores eos qui ratione voluptatem sequi nesciunt. Neque porro quisquam est, qui dolorem ipsum quia dolor sit amet, consectetur, adipisci velit, sed quia non numquam eius modi tempora incidunt ut labore et dolore magnam aliquam.\nBenifits of service Quia consequuntur magni dolores eos qui ratione voluptatem sequi nesciunt. Neque porro quisquam est, qui dolorem ipsum quia dolor sit amet, consectetur, adipisci velit, sed quia non numquam eius modi tempora incidunt ut labore et dolore magnam aliquam.\n Quality Services Clients Satisfaction Quality Services Clients Satisfaction Quality Services Clients Satisfaction  Business Strategy Excepteur sint occaecat cupidatat non proident, sunt in culpa qui officia dese runt mollit anim id est laborum. sed ut perspiciatis unde omnis iste natus error sit voluptatem acusantium.\n Quality Services Clients Satisfaction Quality Services  Analyze your business Quia consequuntur magni dolores eos qui ratione voluptatem sequi nesciunt. Neque porro quisquam est, qui dolorem ipsum quia dolor sit amet, consectetur, adipisci velit, sed quia non numquam eius modi tempora incidunt ut labore et dolore magnam aliquam.\n","permalink":"https://www.opsta.co.th/blog/blog-post.3/","tags":["Business","Marketing"],"title":"Quia consequuntur magni"},{"categories":["Market Analysis"],"contents":"Excepteur sint occaecat cupidatat non proident, sunt in culpa qui officia deserunt mollit anim id est laborum. sed ut perspiciatis unde omnis iste natus error sit voluptatem accusantium doloremque laudantium, totam rem aperiam, eaque ipsa quae ab illo inventore veritatis et quasi architecto beatae vitae dicta sunt explicabo. Nemo enim ipsam voluptatem quia voluptas sit aspernatur aut odit aut fugit.\n Lorem ipsum dolor sit amet, consectetur adipisicing elit, sed eiusmod tempor incididunt labore dolore magna aliqua. enim minim veniam quis nostrud exercitation ullamco. laboris nisi ut aliquip ex ea commodo. by Michelle Fischer\n Quia consequuntur magni dolores eos qui ratione voluptatem sequi nesciunt. Neque porro quisquam est, qui dolorem ipsum quia dolor sit amet, consectetur, adipisci velit, sed quia non numquam eius modi tempora incidunt ut labore et dolore magnam aliquam.\nBenifits of service Quia consequuntur magni dolores eos qui ratione voluptatem sequi nesciunt. Neque porro quisquam est, qui dolorem ipsum quia dolor sit amet, consectetur, adipisci velit, sed quia non numquam eius modi tempora incidunt ut labore et dolore magnam aliquam.\n Quality Services Clients Satisfaction Quality Services Clients Satisfaction Quality Services Clients Satisfaction  Business Strategy Excepteur sint occaecat cupidatat non proident, sunt in culpa qui officia dese runt mollit anim id est laborum. sed ut perspiciatis unde omnis iste natus error sit voluptatem acusantium.\n Quality Services Clients Satisfaction Quality Services  Analyze your business Quia consequuntur magni dolores eos qui ratione voluptatem sequi nesciunt. Neque porro quisquam est, qui dolorem ipsum quia dolor sit amet, consectetur, adipisci velit, sed quia non numquam eius modi tempora incidunt ut labore et dolore magnam aliquam.\n","permalink":"https://www.opsta.co.th/blog/blog-post.8/","tags":["Business","Marketing"],"title":"Quia consequuntur magni"},{"categories":["Market Analysis"],"contents":"Excepteur sint occaecat cupidatat non proident, sunt in culpa qui officia deserunt mollit anim id est laborum. sed ut perspiciatis unde omnis iste natus error sit voluptatem accusantium doloremque laudantium, totam rem aperiam, eaque ipsa quae ab illo inventore veritatis et quasi architecto beatae vitae dicta sunt explicabo. Nemo enim ipsam voluptatem quia voluptas sit aspernatur aut odit aut fugit.\n Lorem ipsum dolor sit amet, consectetur adipisicing elit, sed eiusmod tempor incididunt labore dolore magna aliqua. enim minim veniam quis nostrud exercitation ullamco. laboris nisi ut aliquip ex ea commodo. by Michelle Fischer\n Quia consequuntur magni dolores eos qui ratione voluptatem sequi nesciunt. Neque porro quisquam est, qui dolorem ipsum quia dolor sit amet, consectetur, adipisci velit, sed quia non numquam eius modi tempora incidunt ut labore et dolore magnam aliquam.\nBenifits of service Quia consequuntur magni dolores eos qui ratione voluptatem sequi nesciunt. Neque porro quisquam est, qui dolorem ipsum quia dolor sit amet, consectetur, adipisci velit, sed quia non numquam eius modi tempora incidunt ut labore et dolore magnam aliquam.\n Quality Services Clients Satisfaction Quality Services Clients Satisfaction Quality Services Clients Satisfaction  Business Strategy Excepteur sint occaecat cupidatat non proident, sunt in culpa qui officia dese runt mollit anim id est laborum. sed ut perspiciatis unde omnis iste natus error sit voluptatem acusantium.\n Quality Services Clients Satisfaction Quality Services  Analyze your business Quia consequuntur magni dolores eos qui ratione voluptatem sequi nesciunt. Neque porro quisquam est, qui dolorem ipsum quia dolor sit amet, consectetur, adipisci velit, sed quia non numquam eius modi tempora incidunt ut labore et dolore magnam aliquam.\n","permalink":"https://www.opsta.co.th/blog/blog-post.9/","tags":["Business","Marketing"],"title":"Quia consequuntur magni"},{"categories":["Elements"],"contents":"Heading 1 Heading 2 Heading 3 Heading 4 Heading 5 Heading 6 Emphasis Emphasis, aka italics, with asterisks or underscores.\nStrong emphasis, aka bold, with asterisks or underscores.\nCombined emphasis with asterisks and underscores.\nStrikethrough uses two tildes. Scratch this.\nLink I\u0026rsquo;m an inline-style link\nI\u0026rsquo;m an inline-style link with title\nI\u0026rsquo;m a reference-style link\nI\u0026rsquo;m a relative reference to a repository file\nYou can use numbers for reference-style link definitions\nOr leave it empty and use the link text itself.\nURLs and URLs in angle brackets will automatically get turned into links. http://www.example.com or http://www.example.com and sometimes example.com (but not on Github, for example).\nSome text to show that the reference links can follow later.\nParagraph Lorem ipsum dolor sit amet consectetur adipisicing elit. Quam nihil enim maxime corporis cumque totam aliquid nam sint inventore optio modi neque laborum officiis necessitatibus, facilis placeat pariatur! Voluptatem, sed harum pariatur adipisci voluptates voluptatum cumque, porro sint minima similique magni perferendis fuga! Optio vel ipsum excepturi tempore reiciendis id quidem? Vel in, doloribus debitis nesciunt fugit sequi magnam accusantium modi neque quis, vitae velit, pariatur harum autem a! Velit impedit atque maiores animi possimus asperiores natus repellendus excepturi sint architecto eligendi non, omnis nihil. Facilis, doloremque illum. Fugit optio laborum minus debitis natus illo perspiciatis corporis voluptatum rerum laboriosam.\nList  List item List item List item List item List item  Code and Syntax Highlighting Inline code has back-ticks around it.\nvar s = \u0026#34;JavaScript syntax highlighting\u0026#34;; alert(s); s = \u0026#34;Python syntax highlighting\u0026#34; print s No language indicated, so no syntax highlighting. But let's throw in a \u0026lt;b\u0026gt;tag\u0026lt;/b\u0026gt;. Blockquote  This is a blockquote example.\n Inline HTML You can also use raw HTML in your Markdown, and it\u0026rsquo;ll mostly work pretty well.\nTables Colons can be used to align columns.\n   Tables Are Cool     col 3 is right-aligned $1600   col 2 is centered $12   zebra stripes are neat $1    There must be at least 3 dashes separating each header cell. The outer pipes (|) are optional, and you don\u0026rsquo;t need to make the raw Markdown line up prettily. You can also use inline Markdown.\n   Markdown Less Pretty     Still renders nicely   1 2 3    Image Youtube video   ","permalink":"https://www.opsta.co.th/blog/elements/","tags":["elements"],"title":"Elements"},{"categories":null,"contents":"","permalink":"https://www.opsta.co.th/team/alexa-clit/","tags":null,"title":"Alexa Clit"},{"categories":null,"contents":"","permalink":"https://www.opsta.co.th/team/frederick-satterfield/","tags":null,"title":"Frederick Satterfield"},{"categories":null,"contents":"","permalink":"https://www.opsta.co.th/team/john-doe/","tags":null,"title":"John Doe"},{"categories":null,"contents":"","permalink":"https://www.opsta.co.th/team/michelle-fischer/","tags":null,"title":"Michelle Fischer"},{"categories":null,"contents":"","permalink":"https://www.opsta.co.th/team/randy-lui/","tags":null,"title":"Randy Lui"}]