<?xml version="1.0" encoding="utf-8" standalone="yes"?><rss version="2.0" xmlns:atom="http://www.w3.org/2005/Atom"><channel><title>Opsta | DevSecOps as a Service</title><link>https://www.opsta.co.th/</link><description>Recent content on Opsta | DevSecOps as a Service</description><generator>Hugo -- gohugo.io</generator><language>en-us</language><copyright>Copyright &amp;copy; 2020 Opsta (Thailand) Co.,Ltd.</copyright><lastBuildDate>Thu, 07 Feb 2019 10:47:55 +0600</lastBuildDate><atom:link href="https://www.opsta.co.th/index.xml" rel="self" type="application/rss+xml"/><item><title>DevSecOps Platform</title><link>https://www.opsta.co.th/service/devsecops-platform/</link><pubDate>Mon, 01 Jan 0001 00:00:00 +0000</pubDate><guid>https://www.opsta.co.th/service/devsecops-platform/</guid><description>We provide Enterprise DevSecOps Platform to transform your organization at more incredible speed and agility for the developer, operation, and security team.</description></item><item><title>Kubernetes Service Provider</title><link>https://www.opsta.co.th/service/kubernetes-service-provider/</link><pubDate>Mon, 01 Jan 0001 00:00:00 +0000</pubDate><guid>https://www.opsta.co.th/service/kubernetes-service-provider/</guid><description>We offer Kubernetes support, consulting, professional services and training for organizations embarking on their Kubernetes journey.</description></item><item><title>Centralized Monitoring</title><link>https://www.opsta.co.th/service/centralized-monitoring/</link><pubDate>Mon, 01 Jan 0001 00:00:00 +0000</pubDate><guid>https://www.opsta.co.th/service/centralized-monitoring/</guid><description>We build centralized monitoring by automated CNCF open-source software to see the real-time performance and early detection problems.</description></item><item><title>Hybrid-Cloud Infrastructure</title><link>https://www.opsta.co.th/service/hybrid-cloud/</link><pubDate>Mon, 01 Jan 0001 00:00:00 +0000</pubDate><guid>https://www.opsta.co.th/service/hybrid-cloud/</guid><description>We build on-demand self-service enterprise hybrid-cloud infrastructure to rapid elasticity and scalability at ease with automation.</description></item><item><title>Security Automation</title><link>https://www.opsta.co.th/service/security-automation/</link><pubDate>Mon, 01 Jan 0001 00:00:00 +0000</pubDate><guid>https://www.opsta.co.th/service/security-automation/</guid><description>We early identification of vulnerabilities by leverage security automation to integrate both enterprise and open-source software from the first day of development.</description></item><item><title>Infrastructure Automation</title><link>https://www.opsta.co.th/service/infrastructure-automation/</link><pubDate>Mon, 01 Jan 0001 00:00:00 +0000</pubDate><guid>https://www.opsta.co.th/service/infrastructure-automation/</guid><description>We build on-demand self-service infrastructure to rapid elasticity and scalability at ease with automation.</description></item><item><title>Performance Load Testing</title><link>https://www.opsta.co.th/service/performance-load-testing/</link><pubDate>Mon, 01 Jan 0001 00:00:00 +0000</pubDate><guid>https://www.opsta.co.th/service/performance-load-testing/</guid><description>We do real user simulation and analysis for system bottleneck.</description></item><item><title>Site Reliability Engineering (SRE)</title><link>https://www.opsta.co.th/service/sre/</link><pubDate>Mon, 01 Jan 0001 00:00:00 +0000</pubDate><guid>https://www.opsta.co.th/service/sre/</guid><description>We do Site Reliability Engineering (SRE) to archive infrastructure Service Level Objective (SLO) and Service Level Agreement (SLA) with your customers.</description></item><item><title>Data Pipeline</title><link>https://www.opsta.co.th/service/data-pipeline/</link><pubDate>Mon, 01 Jan 0001 00:00:00 +0000</pubDate><guid>https://www.opsta.co.th/service/data-pipeline/</guid><description>We act as Data Engineer to build Data Pipeline for your organization.</description></item><item><title>Art Institute of Chicago</title><link>https://www.opsta.co.th/project/art-institute.1/</link><pubDate>Thu, 07 Feb 2019 10:47:55 +0600</pubDate><guid>https://www.opsta.co.th/project/art-institute.1/</guid><description>Excepteur sint occaecat cupidatat non proident, sunt in culpa qui officia deserunt mollit anim id est laborum.</description></item><item><title>Art Institute of Chicago</title><link>https://www.opsta.co.th/project/art-institute/</link><pubDate>Thu, 07 Feb 2019 10:47:55 +0600</pubDate><guid>https://www.opsta.co.th/project/art-institute/</guid><description>Excepteur sint occaecat cupidatat non proident, sunt in culpa qui officia deserunt mollit anim id est laborum.</description></item><item><title>Business Consulting</title><link>https://www.opsta.co.th/blog/blog-post.1/</link><pubDate>Thu, 07 Feb 2019 10:47:55 +0600</pubDate><guid>https://www.opsta.co.th/blog/blog-post.1/</guid><description>Excepteur sint occaecat cupidatat non proident, sunt in culpa qui officia deserunt mollit anim id est laborum.</description></item><item><title>Carpe Diem Santorini</title><link>https://www.opsta.co.th/project/carpe-diem/</link><pubDate>Thu, 07 Feb 2019 10:47:55 +0600</pubDate><guid>https://www.opsta.co.th/project/carpe-diem/</guid><description>Excepteur sint occaecat cupidatat non proident, sunt in culpa qui officia deserunt mollit anim id est laborum.</description></item><item><title>Celebrate with Stoli</title><link>https://www.opsta.co.th/project/celebrate-with/</link><pubDate>Thu, 07 Feb 2019 10:47:55 +0600</pubDate><guid>https://www.opsta.co.th/project/celebrate-with/</guid><description>Excepteur sint occaecat cupidatat non proident, sunt in culpa qui officia deserunt mollit anim id est laborum.</description></item><item><title>ELIT DUIED AIUSMOD DOLORY</title><link>https://www.opsta.co.th/blog/blog-post.2/</link><pubDate>Thu, 07 Feb 2019 10:47:55 +0600</pubDate><guid>https://www.opsta.co.th/blog/blog-post.2/</guid><description>Excepteur sint occaecat cupidatat non proident, sunt in culpa qui officia deserunt mollit anim id est laborum.</description></item><item><title>Essential Looks Trend Report</title><link>https://www.opsta.co.th/project/essential-looks.1/</link><pubDate>Thu, 07 Feb 2019 10:47:55 +0600</pubDate><guid>https://www.opsta.co.th/project/essential-looks.1/</guid><description>Excepteur sint occaecat cupidatat non proident, sunt in culpa qui officia deserunt mollit anim id est laborum.</description></item><item><title>Essential Looks Trend Report</title><link>https://www.opsta.co.th/project/essential-looks/</link><pubDate>Thu, 07 Feb 2019 10:47:55 +0600</pubDate><guid>https://www.opsta.co.th/project/essential-looks/</guid><description>Excepteur sint occaecat cupidatat non proident, sunt in culpa qui officia deserunt mollit anim id est laborum.</description></item><item><title>Excepteur sint ocacat cupidatat</title><link>https://www.opsta.co.th/blog/blog-post.4/</link><pubDate>Thu, 07 Feb 2019 10:47:55 +0600</pubDate><guid>https://www.opsta.co.th/blog/blog-post.4/</guid><description>Excepteur sint occaecat cupidatat non proident, sunt in culpa qui officia deserunt mollit anim id est laborum.</description></item><item><title>Jaqueline Hamberger</title><link>https://www.opsta.co.th/team/jaqueline-hamberger/</link><pubDate>Thu, 07 Feb 2019 10:47:55 +0600</pubDate><guid>https://www.opsta.co.th/team/jaqueline-hamberger/</guid><description/></item><item><title>Lorem ipsum dolor sit amet</title><link>https://www.opsta.co.th/blog/blog-post.5/</link><pubDate>Thu, 07 Feb 2019 10:47:55 +0600</pubDate><guid>https://www.opsta.co.th/blog/blog-post.5/</guid><description>Excepteur sint occaecat cupidatat non proident, sunt in culpa qui officia deserunt mollit anim id est laborum.</description></item><item><title>Lorem ipsum dolor sit amet</title><link>https://www.opsta.co.th/blog/blog-post.6/</link><pubDate>Thu, 07 Feb 2019 10:47:55 +0600</pubDate><guid>https://www.opsta.co.th/blog/blog-post.6/</guid><description>Excepteur sint occaecat cupidatat non proident, sunt in culpa qui officia deserunt mollit anim id est laborum.</description></item><item><title>Lorem ipsum dolor sit amet</title><link>https://www.opsta.co.th/blog/blog-post.7/</link><pubDate>Thu, 07 Feb 2019 10:47:55 +0600</pubDate><guid>https://www.opsta.co.th/blog/blog-post.7/</guid><description>Excepteur sint occaecat cupidatat non proident, sunt in culpa qui officia deserunt mollit anim id est laborum.</description></item><item><title>Quia consequuntur magni</title><link>https://www.opsta.co.th/blog/blog-post.3/</link><pubDate>Thu, 07 Feb 2019 10:47:55 +0600</pubDate><guid>https://www.opsta.co.th/blog/blog-post.3/</guid><description>Excepteur sint occaecat cupidatat non proident, sunt in culpa qui officia deserunt mollit anim id est laborum.</description></item><item><title>Quia consequuntur magni</title><link>https://www.opsta.co.th/blog/blog-post.8/</link><pubDate>Thu, 07 Feb 2019 10:47:55 +0600</pubDate><guid>https://www.opsta.co.th/blog/blog-post.8/</guid><description>Excepteur sint occaecat cupidatat non proident, sunt in culpa qui officia deserunt mollit anim id est laborum.</description></item><item><title>Quia consequuntur magni</title><link>https://www.opsta.co.th/blog/blog-post.9/</link><pubDate>Thu, 07 Feb 2019 10:47:55 +0600</pubDate><guid>https://www.opsta.co.th/blog/blog-post.9/</guid><description>Excepteur sint occaecat cupidatat non proident, sunt in culpa qui officia deserunt mollit anim id est laborum.</description></item><item><title>Elements</title><link>https://www.opsta.co.th/blog/elements/</link><pubDate>Tue, 22 Jan 2019 16:04:01 +0600</pubDate><guid>https://www.opsta.co.th/blog/elements/</guid><description>Heading 1 Heading 2 Heading 3 Heading 4 Heading 5 Heading 6 Emphasis Emphasis, aka italics, with asterisks or underscores.</description></item><item><title>Alexa Clit</title><link>https://www.opsta.co.th/team/alexa-clit/</link><pubDate>Mon, 01 Jan 0001 00:00:00 +0000</pubDate><guid>https://www.opsta.co.th/team/alexa-clit/</guid><description/></item><item><title>Frederick Satterfield</title><link>https://www.opsta.co.th/team/frederick-satterfield/</link><pubDate>Mon, 01 Jan 0001 00:00:00 +0000</pubDate><guid>https://www.opsta.co.th/team/frederick-satterfield/</guid><description/></item><item><title>John Doe</title><link>https://www.opsta.co.th/team/john-doe/</link><pubDate>Mon, 01 Jan 0001 00:00:00 +0000</pubDate><guid>https://www.opsta.co.th/team/john-doe/</guid><description/></item><item><title>Michelle Fischer</title><link>https://www.opsta.co.th/team/michelle-fischer/</link><pubDate>Mon, 01 Jan 0001 00:00:00 +0000</pubDate><guid>https://www.opsta.co.th/team/michelle-fischer/</guid><description/></item><item><title>Randy Lui</title><link>https://www.opsta.co.th/team/randy-lui/</link><pubDate>Mon, 01 Jan 0001 00:00:00 +0000</pubDate><guid>https://www.opsta.co.th/team/randy-lui/</guid><description/></item></channel></rss>