<?xml version="1.0" encoding="utf-8" standalone="yes"?><rss version="2.0" xmlns:atom="http://www.w3.org/2005/Atom"><channel><title>Contact Us on Opsta | DevSecOps as a Service</title><link>https://www.opsta.co.th/contact/</link><description>Recent content in Contact Us on Opsta | DevSecOps as a Service</description><generator>Hugo -- gohugo.io</generator><language>en-us</language><copyright>Copyright &amp;copy; 2020 Opsta (Thailand) Co.,Ltd.</copyright><atom:link href="https://www.opsta.co.th/contact/index.xml" rel="self" type="application/rss+xml"/></channel></rss>