<?xml version="1.0" encoding="utf-8" standalone="yes"?><rss version="2.0" xmlns:atom="http://www.w3.org/2005/Atom"><channel><title>Solutions &amp; Services on Opsta | DevSecOps as a Service</title><link>https://www.opsta.co.th/service/</link><description>Recent content in Solutions &amp; Services on Opsta | DevSecOps as a Service</description><generator>Hugo -- gohugo.io</generator><language>en-us</language><copyright>Copyright &amp;copy; 2020 Opsta (Thailand) Co.,Ltd.</copyright><atom:link href="https://www.opsta.co.th/service/index.xml" rel="self" type="application/rss+xml"/><item><title>DevSecOps Platform</title><link>https://www.opsta.co.th/service/devsecops-platform/</link><pubDate>Mon, 01 Jan 0001 00:00:00 +0000</pubDate><guid>https://www.opsta.co.th/service/devsecops-platform/</guid><description>We provide Enterprise DevSecOps Platform to transform your organization at more incredible speed and agility for the developer, operation, and security team.</description></item><item><title>Kubernetes Service Provider</title><link>https://www.opsta.co.th/service/kubernetes-service-provider/</link><pubDate>Mon, 01 Jan 0001 00:00:00 +0000</pubDate><guid>https://www.opsta.co.th/service/kubernetes-service-provider/</guid><description>We offer Kubernetes support, consulting, professional services and training for organizations embarking on their Kubernetes journey.</description></item><item><title>Centralized Monitoring</title><link>https://www.opsta.co.th/service/centralized-monitoring/</link><pubDate>Mon, 01 Jan 0001 00:00:00 +0000</pubDate><guid>https://www.opsta.co.th/service/centralized-monitoring/</guid><description>We build centralized monitoring by automated CNCF open-source software to see the real-time performance and early detection problems.</description></item><item><title>Hybrid-Cloud Infrastructure</title><link>https://www.opsta.co.th/service/hybrid-cloud/</link><pubDate>Mon, 01 Jan 0001 00:00:00 +0000</pubDate><guid>https://www.opsta.co.th/service/hybrid-cloud/</guid><description>We build on-demand self-service enterprise hybrid-cloud infrastructure to rapid elasticity and scalability at ease with automation.</description></item><item><title>Security Automation</title><link>https://www.opsta.co.th/service/security-automation/</link><pubDate>Mon, 01 Jan 0001 00:00:00 +0000</pubDate><guid>https://www.opsta.co.th/service/security-automation/</guid><description>We early identification of vulnerabilities by leverage security automation to integrate both enterprise and open-source software from the first day of development.</description></item><item><title>Infrastructure Automation</title><link>https://www.opsta.co.th/service/infrastructure-automation/</link><pubDate>Mon, 01 Jan 0001 00:00:00 +0000</pubDate><guid>https://www.opsta.co.th/service/infrastructure-automation/</guid><description>We build on-demand self-service infrastructure to rapid elasticity and scalability at ease with automation.</description></item><item><title>Performance Load Testing</title><link>https://www.opsta.co.th/service/performance-load-testing/</link><pubDate>Mon, 01 Jan 0001 00:00:00 +0000</pubDate><guid>https://www.opsta.co.th/service/performance-load-testing/</guid><description>We do real user simulation and analysis for system bottleneck.</description></item><item><title>Site Reliability Engineering (SRE)</title><link>https://www.opsta.co.th/service/sre/</link><pubDate>Mon, 01 Jan 0001 00:00:00 +0000</pubDate><guid>https://www.opsta.co.th/service/sre/</guid><description>We do Site Reliability Engineering (SRE) to archive infrastructure Service Level Objective (SLO) and Service Level Agreement (SLA) with your customers.</description></item><item><title>Data Pipeline</title><link>https://www.opsta.co.th/service/data-pipeline/</link><pubDate>Mon, 01 Jan 0001 00:00:00 +0000</pubDate><guid>https://www.opsta.co.th/service/data-pipeline/</guid><description>We act as Data Engineer to build Data Pipeline for your organization.</description></item></channel></rss>