<?xml version="1.0" encoding="utf-8" standalone="yes"?><rss version="2.0" xmlns:atom="http://www.w3.org/2005/Atom"><channel><title>Search Result on Opsta | DevSecOps as a Service</title><link>https://www.opsta.co.th/search/</link><description>Recent content in Search Result on Opsta | DevSecOps as a Service</description><generator>Hugo -- gohugo.io</generator><language>en-us</language><copyright>Copyright &amp;copy; 2020 Opsta (Thailand) Co.,Ltd.</copyright><atom:link href="https://www.opsta.co.th/search/index.xml" rel="self" type="application/rss+xml"/></channel></rss>