<?xml version="1.0" encoding="utf-8" standalone="yes"?><rss version="2.0" xmlns:atom="http://www.w3.org/2005/Atom"><channel><title>development Maping on Opsta | DevSecOps as a Service</title><link>https://www.opsta.co.th/categories/development-maping/</link><description>Recent content in development Maping on Opsta | DevSecOps as a Service</description><generator>Hugo -- gohugo.io</generator><language>en-us</language><copyright>Copyright &amp;copy; 2020 Opsta (Thailand) Co.,Ltd.</copyright><lastBuildDate>Thu, 07 Feb 2019 10:47:55 +0600</lastBuildDate><atom:link href="https://www.opsta.co.th/categories/development-maping/index.xml" rel="self" type="application/rss+xml"/><item><title>Excepteur sint ocacat cupidatat</title><link>https://www.opsta.co.th/blog/blog-post.4/</link><pubDate>Thu, 07 Feb 2019 10:47:55 +0600</pubDate><guid>https://www.opsta.co.th/blog/blog-post.4/</guid><description>Excepteur sint occaecat cupidatat non proident, sunt in culpa qui officia deserunt mollit anim id est laborum.</description></item></channel></rss>