<?xml version="1.0" encoding="utf-8" standalone="yes"?><rss version="2.0" xmlns:atom="http://www.w3.org/2005/Atom"><channel><title>Opsta Team on Opsta | DevSecOps as a Service</title><link>https://www.opsta.co.th/team/</link><description>Recent content in Opsta Team on Opsta | DevSecOps as a Service</description><generator>Hugo -- gohugo.io</generator><language>en-us</language><copyright>Copyright &amp;copy; 2020 Opsta (Thailand) Co.,Ltd.</copyright><lastBuildDate>Thu, 07 Feb 2019 10:47:55 +0600</lastBuildDate><atom:link href="https://www.opsta.co.th/team/index.xml" rel="self" type="application/rss+xml"/><item><title>Jaqueline Hamberger</title><link>https://www.opsta.co.th/team/jaqueline-hamberger/</link><pubDate>Thu, 07 Feb 2019 10:47:55 +0600</pubDate><guid>https://www.opsta.co.th/team/jaqueline-hamberger/</guid><description/></item><item><title>Alexa Clit</title><link>https://www.opsta.co.th/team/alexa-clit/</link><pubDate>Mon, 01 Jan 0001 00:00:00 +0000</pubDate><guid>https://www.opsta.co.th/team/alexa-clit/</guid><description/></item><item><title>Frederick Satterfield</title><link>https://www.opsta.co.th/team/frederick-satterfield/</link><pubDate>Mon, 01 Jan 0001 00:00:00 +0000</pubDate><guid>https://www.opsta.co.th/team/frederick-satterfield/</guid><description/></item><item><title>John Doe</title><link>https://www.opsta.co.th/team/john-doe/</link><pubDate>Mon, 01 Jan 0001 00:00:00 +0000</pubDate><guid>https://www.opsta.co.th/team/john-doe/</guid><description/></item><item><title>Michelle Fischer</title><link>https://www.opsta.co.th/team/michelle-fischer/</link><pubDate>Mon, 01 Jan 0001 00:00:00 +0000</pubDate><guid>https://www.opsta.co.th/team/michelle-fischer/</guid><description/></item><item><title>Randy Lui</title><link>https://www.opsta.co.th/team/randy-lui/</link><pubDate>Mon, 01 Jan 0001 00:00:00 +0000</pubDate><guid>https://www.opsta.co.th/team/randy-lui/</guid><description/></item></channel></rss>