<?xml version="1.0" encoding="utf-8" standalone="yes"?><rss version="2.0" xmlns:atom="http://www.w3.org/2005/Atom"><channel><title>Elements on Opsta | DevSecOps as a Service</title><link>https://www.opsta.co.th/categories/elements/</link><description>Recent content in Elements on Opsta | DevSecOps as a Service</description><generator>Hugo -- gohugo.io</generator><language>en-us</language><copyright>Copyright &amp;copy; 2020 Opsta (Thailand) Co.,Ltd.</copyright><lastBuildDate>Tue, 22 Jan 2019 16:04:01 +0600</lastBuildDate><atom:link href="https://www.opsta.co.th/categories/elements/index.xml" rel="self" type="application/rss+xml"/><item><title>Elements</title><link>https://www.opsta.co.th/blog/elements/</link><pubDate>Tue, 22 Jan 2019 16:04:01 +0600</pubDate><guid>https://www.opsta.co.th/blog/elements/</guid><description>Heading 1 Heading 2 Heading 3 Heading 4 Heading 5 Heading 6 Emphasis Emphasis, aka italics, with asterisks or underscores.</description></item></channel></rss>